{
    "loss": 1.05024254322052,
    "accuracy": 0.8776978254318237
}